apples,1
ios,2
9,3
app,4
will,5
give,6
your,7
a,8
rt,9
market,10
are,11
their,12
best,13
away,14
run,15
us,16
soccer,17
should,18
start,19
tough,20
questions,21
about,22
hope,23
writes,24
how,25
theme,26
like,27
disney,28
world,29
left,30
the,31
behind,32
could,33
light,34
health,35
one,36
company,37
is,38
now,39
on,40
its,41
13,42
that,43
were,44
actually,45
for,46
other,47
reportedly,48
week,49
1,50
game,51
if,52
he,53
doesnt,54
get,55
deal,56
mother,57
of,58
12,59
accused,60
kids,61
in,62
home,63
10,64
ways,65
life,66
via,67
wsj,68
house,69
gop,70
plans,71
two,72
days,73
debate,74
vote,75
obama,76
trade,77
agenda,78
government,79
media,80
ban,81
say,82
european,83
games,84
officials,85
only,86
three,87
when,88
we,89
with,90
an,91
open,92
to,93
jerry,94
from,95
college,96
student,97
britain,98
forced,99
spies,100
after,101
russia,102
and,103
china,104
files,105
by,106
tourists,107
malaysia,108
getting,109
naked,110
mountain,111
trial,112
hit,113
100,114
million,115
goal,116
bush,117
http,118
john,119
allegations,120
made,121
against,122
just,123
federal,124
court,125
wont,126
keep,127
rules,128
taking,129
chinese,130
women,131
growing,132
hair,133
they,134
dont,135
care,136
brutal,137
keeps,138
ignoring,139
may,140
worth,141
hundreds,142
thousands,143
24,144
year,145
back,146
people,147
who,148
call,149
him,150
way,151
this,152
it,153
man,154
dies,155
car,156
5,157
jurassic,158
drive,159
scientists,160
crazy,161
bivideo,162
why,163
christopher,164
lee,165
eu,166
says,167
dog,168
front,169
school,170
bus,171
his,172
owner,173
breaking,174
news,175
as,176
secret,177
history,178
womens,179
football,180
trying,181
make,182
first,183
sex,184
space,185
what,186
up,187
earth,188
through,189
texas,190
cop,191
leave,192
video,193
do,194
dogs,195
blood,196
shows,197
hes,198
europe,199
these,200
global,201
have,202
own,203
conference,204
where,205
tell,206
themselves,207
theyre,208
cnnpolitics,209
cnnsotu,210
at,211
et,212
exclusive,213
interview,214
httpt,215
off,216
flight,217
calling,218
incredible,219
italian,220
you,221
havent,222
tried,223
before,224
bbcbreaking,225
shots,226
fired,227
police,228
headquarters,229
dallas,230
indyfootball,231
player,232
jack,233
comes,234
age,235
but,236
jones,237
htt,238
not,239
around,240
over,241
summer,242
can,243
be,244
even,245
learn,246
more,247
latest,248
female,249
jurassicworld,250
map,251
islamic,252
state,253
near,254
west,255
had,256
birthday,257
wall,258
amp,259
jeb,260
2016,261
campaign,262
launch,263
going,264
fun,265
draymond,266
green,267
been,268
playing,269
said,270
change,271
liveonsc,272
group,273
university,274
job,275
offer,276
found,277
kurds,278
into,279
isis,280
social,281
war,282
i,283
wasnt,284
my,285
head,286
was,287
family,288
6,289
takes,290
fire,291
ht,292
apple,293
gets,294
public,295
without,296
wwdc15,297
french,298
germanwings,299
copilot,300
die,301
story,302
photo,303
4,304
dead,305
2,306
children,307
small,308
plane,309
crash,310
killing,311
source,312
end,313
usa,314
take,315
tonight,316
know,317
fifawwc,318
military,319
got,320
pay,321
design,322
cast,323
search,324
led,325
black,326
sets,327
key,328
role,329
reports,330
created,331
some,332
awesome,333
lebron,334
james,335
curry,336
out,337
david,338
music,339
creative,340
remains,341
nearly,342
victims,343
powerful,344
leg,345
move,346
death,347
spent,348
3,349
years,350
rikers,351
island,352
new,353
study,354
claims,355
between,356
birth,357
month,358
risk,359
de,360
wants,361
once,362
become,363
personal,364
better,365
line,366
win,367
cnnmoney,368
so,369
soon,370
apps,371
most,372
data,373
every,374
employee,375
union,376
foxnewspolitics,377
final,378
teacher,379
put,380
her,381
students,382
ill,383
wins,384
woman,385
child,386
taken,387
frozen,388
she,389
old,390
dailymail,391
support,392
cnnbrk,393
official,394
half,395
town,396
iraqi,397
hands,398
american,399
rights,400
rachel,401
dolezal,402
race,403
food,404
them,405
travelmail,406
goes,407
red,408
festival,409
revealed,410
streaming,411
service,412
using,413
uk,414
play,415
major,416
obamas,417
bid,418
program,419
country,420
hall,421
prison,422
worker,423
inmates,424
escape,425
has,426
simple,427
fans,428
sportscenter,429
set,430
watch,431
live,432
here,433
nba,434
finals,435
performance,436
ever,437
thinks,438
cases,439
fox411,440
robert,441
amid,442
planned,443
escaped,444
killers,445
inside,446
york,447
joyce,448
mitchell,449
brothers,450
trapped,451
nyc,452
break,453
our,454
laws,455
driving,456
being,457
7,458
during,459
thrones,460
weekend,461
lot,462
team,463
catch,464
paris,465
dreamliner,466
amazing,467
show,468
whats,469
there,470
right,471
tv,472
actor,473
under,474
coming,475
talk,476
cavs,477
series,478
day,479
since,480
rupert,481
murdoch,482
step,483
down,484
ceo,485
21st,486
century,487
fox,488
tells,489
bbcsport,490
fifas,491
cup,492
tribute,493
sir,494
died,495
93,496
hillary,497
clinton,498
instagram,499
telefootball,500
heres,501
england,502
seven,503
doctors,504
httptco,505
gun,506
fell,507
law,508
wwdc,509
nytimesworld,510
families,511
enough,512
party,513
human,514
cnnsitroom,515
arrested,516
oitnb,517
bill,518
would,519
go,520
underway,521
players,522
south,523
koreas,524
mers,525
help,526
father,527
save,528
rare,529
pogue,530
ride,531
because,532
think,533
hits,534
orange,535
faces,536
everyone,537
done,538
recognize,539
mom,540
parents,541
todays,542
presidential,543
speech,544
tim,545
comments,546
cat,547
authorities,548
north,549
gay,550
marriage,551
wrong,552
america,553
long,554
next,555
another,556
british,557
tourist,558
abandoned,559
girl,560
speaks,561
place,562
victim,563
former,564
last,565
debut,566
chief,567
france,568
street,569
boss,570
michael,571
le,572
character,573
baby,574
never,575
dusty,576
rhodes,577
dream,578
supreme,579
favorite,580
girls,581
sexual,582
little,583
look,584
come,585
easy,586
showing,587
yuccie,588
lightning,589
lets,590
officer,591
mckinney,592
controversial,593
actions,594
seen,595
less,596
leaves,597
training,598
reasons,599
killed,600
germany,601
biggest,602
markets,603
taylor,604
saved,605
due,606
theres,607
room,608
needs,609
americas,610
complete,611
worlds,612
transplant,613
might,614
list,615
unknown,616
won,617
election,618
facebook,619
find,620
workers,621
guy,622
still,623
yahoosports,624
leads,625
uswnt,626
zoo,627
gas,628
bbc,629
syria,630
comet,631
lander,632
philae,633
months,634
yet,635
w,636
special,637
visit,638
did,639
league,640
cost,641
google,642
private,643
test,644
rally,645
himself,646
top,647
stories,648
focus,649
son,650
carolina,651
let,652
big,653
winner,654
states,655
or,656
shawshank,657
escapees,658
flee,659
foot,660
driver,661
paper,662
dailymailuk,663
20,664
tony,665
business,666
moments,667
ahead,668
seventiescnn,669
cnn,670
great,671
photos,672
largest,673
poll,674
no,675
murderers,676
vermont,677
today,678
blog,679
went,680
cancer,681
lead,682
twitter,683
images,684
rise,685
released,686
deadly,687
dennis,688
hastert,689
charges,690
wife,691
national,692
night,693
missed,694
mystery,695
london,696
nbafinals,697
brnba,698
defends,699
kingjames,700
shooting,701
thought,702
good,703
much,704
giant,705
future,706
security,707
ago,708
moment,709
mans,710
african,711
books,712
read,713
movie,714
air,715
full,716
httptc,717
need,718
all,719
outbreak,720
korea,721
virus,722
launches,723
challenge,724
gender,725
suspect,726
van,727
jenner,728
buy,729
update,730
grand,731
jury,732
scott,733
true,734
costs,735
yahoonews,736
cant,737
things,738
campaigns,739
money,740
me,741
very,742
sepp,743
wwe,744
jailed,745
power,746
buzzfeednews,747
send,748
queen,749
16,750
matthew,751
dellavedova,752
curious,753
teen,754
miles,755
raise,756
warriors,757
fake,758
hacking,759
than,760
climate,761
looks,762
yahootv,763
dailymailau,764
surgery,765
thing,766
arm,767
planet,768
face,769
case,770
bbcnewsmagazine,771
paid,772
clintons,773
bbcworld,774
leader,775
stop,776
youre,777
caught,778
pretty,779
pizza,780
hot,781
bbcengland,782
action,783
stars,784
see,785
different,786
teammate,787
worst,788
turns,789
zone,790
makes,791
already,792
advice,793
fear,794
graduation,795
then,796
perfect,797
hear,798
companies,799
view,800
employees,801
used,802
important,803
fight,804
text,805
mobile,806
bad,807
season,808
wedding,809
late,810
called,811
sports,812
time,813
teenager,814
selfie,815
lives,816
almost,817
cut,818
scene,819
prince,820
royal,821
join,822
times,823
fifa,824
second,825
later,826
mosul,827
city,828
control,829
oculus,830
ready,831
really,832
project,833
finally,834
outside,835
body,836
18,837
jordan,838
vs,839
minutes,840
putin,841
breaks,842
massive,843
legend,844
dad,845
real,846
stay,847
internet,848
selling,849
russian,850
rolf,851
harris,852
song,853
wenches,854
report,855
follow,856
economic,857
raises,858
missing,859
incident,860
award,861
scandal,862
concert,863
muslim,864
work,865
details,866
love,867
want,868
too,869
share,870
strikes,871
yahoopolitics,872
star,873
meeting,874
owners,875
many,876
boy,877
which,878
survey,879
finds,880
d,881
dating,882
site,883
richard,884
decision,885
along,886
others,887
googles,888
count,889
attack,890
convicted,891
fighting,892
battle,893
san,894
high,895
each,896
morning,897
cream,898
meet,899
73,900
catches,901
played,902
again,903
admits,904
film,905
607,906
femail,907
friends,908
tattoo,909
does,910
sweden,911
21,912
charles,913
draft,914
running,915
iraq,916
becomes,917
cook,918
reddit,919
likely,920
rate,921
probably,922
50,923
hospitals,924
experts,925
white,926
17,927
single,928
uber,929
release,930
alleged,931
act,932
foul,933
failed,934
identify,935
girlfriend,936
briefing,937
returns,938
men,939
cleveland,940
weatherman,941
reaches,942
50000,943
2015,944
always,945
talking,946
mean,947
president,948
buzzfeeduk,949
young,950
buzzfeedceleb,951
four,952
suicide,953
park,954
career,955
ball,956
daughter,957
model,958
network,959
bank,960
abc,961
chris,962
turn,963
bbcnewsbeat,964
florida,965
cops,966
someone,967
free,968
return,969
cities,970
technology,971
calls,972
heartbreaking,973
activists,974
name,975
eyes,976
dailymailceleb,977
kim,978
vacation,979
la,980
injured,981
cavaliers,982
victory,983
stephen,984
post,985
tips,986
website,987
nytopinion,988
early,989
camera,990
pool,991
george,992
georgia,993
reveals,994
15,995
mothers,996
alive,997
told,998
princess,999
dick,1000
use,1001
kills,1002
manhunt,1003
11,1004
sick,1005
ny,1006
leading,1007
review,1008
barber,1009
blatter,1010
shes,1011
v,1012
economy,1013
netflix,1014
shopping,1015
guide,1016
brilliant,1017
pharoah,1018
cover,1019
golden,1020
keynote,1021
dorsey,1022
five,1023
gives,1024
beat,1025
road,1026
bars,1027
water,1028
saying,1029
coverage,1030
kill,1031
officers,1032
tamir,1033
rice,1034
across,1035
happy,1036
among,1037
held,1038
took,1039
prisoners,1040
course,1041
standoff,1042
hard,1043
close,1044
oscar,1045
pistorius,1046
judge,1047
least,1048
brain,1049
australia,1050
following,1051
nytpolitics,1052
republican,1053
fan,1054
well,1055
stage,1056
opens,1057
hack,1058
helping,1059
policy,1060
wntonight,1061
making,1062
nobel,1063
while,1064
hand,1065
jr,1066
smith,1067
saturday,1068
katiecouric,1069
cash,1070
shot,1071
working,1072
part,1073
hospital,1074
spotify,1075
26,1076
penis,1077
hunt,1078
shut,1079
viral,1080
dangerous,1081
opening,1082
didnt,1083
community,1084
leaders,1085
babies,1086
guardiansport,1087
far,1088
airlines,1089
obamacare,1090
sea,1091
sources,1092
field,1093
political,1094
press,1095
prosecutor,1096
dave,1097
grohl,1098
arent,1099
caitlyn,1100
looked,1101
past,1102
dads,1103
icymi,1104
area,1105
episode,1106
angry,1107
acting,1108
steps,1109
foo,1110
fighters,1111
